coin,is_long,total_value,total_pnl,num_traders,direction,avg_value_per_trader
BTC,False,596210497.73,576322.03,31,SHORT 📉,19232596.70
BTC,True,335494208.65,714678.93,43,LONG 📈,7802190.90
ETH,False,226457064.45,96587555.32,26,SHORT 📉,8709887.09
ETH,True,158758900.35,-18628745.98,35,LONG 📈,4535968.58
HYPE,False,65784450.55,26062295.13,54,SHORT 📉,1218230.57
SOL,False,50204899.09,11201690.04,26,SHORT 📉,1930957.66
SOL,True,33106165.57,-11512934.72,18,LONG 📈,1839231.42
HYPE,True,31170291.52,-2921377.33,22,LONG 📈,1416831.43
XRP,True,27482277.88,1763293.53,13,LONG 📈,2114021.38
XRP,False,24206555.87,-2760406.55,18,SHORT 📉,1344808.66
ADA,True,18803753.47,-3240747.08,13,LONG 📈,1446442.57
kPEPE,True,16635276.31,-3355835.02,7,LONG 📈,2376468.04
kPEPE,False,15312314.39,3430311.38,13,SHORT 📉,1177870.34
ADA,False,13131126.42,375506.65,10,SHORT 📉,1313112.64
LINK,False,12925266.25,760127.56,12,SHORT 📉,1077105.52
DOGE,False,11744060.25,7419921.75,11,SHORT 📉,1067641.84
SUI,False,10981202.15,-520946.86,7,SHORT 📉,1568743.16
LTC,False,10501171.17,203512.21,12,SHORT 📉,875097.60
DOGE,True,9968107.27,-4572523.32,5,LONG 📈,1993621.45
LTC,True,8765781.78,114950.02,3,LONG 📈,2921927.26
LINK,True,8441278.17,119153.69,3,LONG 📈,2813759.39
ENA,False,8364905.00,7570469.89,9,SHORT 📉,929433.89
POPCAT,True,6884547.58,-1245457.26,5,LONG 📈,1376909.52
FARTCOIN,False,6214591.21,3696273.38,19,SHORT 📉,327083.75
ONDO,False,5335156.57,853246.85,9,SHORT 📉,592795.17
POPCAT,False,5224649.69,4729021.44,14,SHORT 📉,373189.26
BERA,False,5180914.42,-140230.16,11,SHORT 📉,470992.22
MKR,True,4027276.85,132539.53,3,LONG 📈,1342425.62
MKR,False,4022279.11,1199336.40,10,SHORT 📉,402227.91
AAVE,False,3808719.42,658123.41,10,SHORT 📉,380871.94
ENA,True,3789918.33,-134728.91,7,LONG 📈,541416.90
BNB,False,3520793.26,72581.00,11,SHORT 📉,320072.11
AAVE,True,3442591.51,-186057.18,7,LONG 📈,491798.79
HBAR,True,3431971.91,-858496.01,4,LONG 📈,857992.98
WLD,True,3270969.15,-2190709.45,3,LONG 📈,1090323.05
WLD,False,3249470.91,1334091.68,10,SHORT 📉,324947.09
kBONK,True,2696490.48,-1491875.88,4,LONG 📈,674122.62
TRUMP,True,2633075.99,148789.38,7,LONG 📈,376153.71
AVAX,False,2628345.95,788587.88,10,SHORT 📉,262834.60
IP,False,2611548.01,-274649.59,6,SHORT 📉,435258.00
JUP,False,2270077.34,409239.46,7,SHORT 📉,324296.76
kBONK,False,2196530.34,1936060.25,6,SHORT 📉,366088.39
TAO,False,2163830.27,1354009.25,9,SHORT 📉,240425.59
LDO,False,2137089.63,757999.40,8,SHORT 📉,267136.20
AI16Z,False,2102818.43,1894648.95,7,SHORT 📉,300402.63
WIF,True,2098330.08,-48208.37,5,LONG 📈,419666.02
AVAX,True,2091542.28,-1529856.19,1,LONG 📈,2091542.28
OM,True,2016973.93,230035.61,4,LONG 📈,504243.48
TRUMP,False,2003668.20,1114813.81,10,SHORT 📉,200366.82
SUI,True,1982507.70,-121518.72,8,LONG 📈,247813.46
PURR,False,1964466.62,1404286.10,7,SHORT 📉,280638.09
FARTCOIN,True,1952816.39,204156.31,5,LONG 📈,390563.28
ONDO,True,1877057.42,-833073.83,2,LONG 📈,938528.71
RUNE,True,1811700.00,61644.75,1,LONG 📈,1811700.00
ZK,True,1808675.00,-1636719.39,1,LONG 📈,1808675.00
BERA,True,1803469.88,-15795.89,7,LONG 📈,257638.55
VVV,False,1749845.20,479698.99,9,SHORT 📉,194427.24
AIXBT,True,1742724.31,201501.96,5,LONG 📈,348544.86
ZRO,True,1740980.95,-729109.66,3,LONG 📈,580326.98
KAITO,True,1506620.02,-29645.08,4,LONG 📈,376655.00
HBAR,False,1500596.90,153363.83,6,SHORT 📉,250099.48
NEAR,True,1481393.63,-43222.79,2,LONG 📈,740696.82
S,False,1456033.78,339694.61,8,SHORT 📉,182004.22
BNB,True,1440951.95,77941.97,4,LONG 📈,360237.99
APT,False,1437061.97,902516.41,4,SHORT 📉,359265.49
PNUT,True,1423518.32,10651.91,3,LONG 📈,474506.11
ZRO,False,1293964.74,474093.49,6,SHORT 📉,215660.79
AIXBT,False,1266990.27,76747.38,6,SHORT 📉,211165.04
PURR,True,1235019.16,-1639797.88,4,LONG 📈,308754.79
WIF,False,1222065.71,765225.60,6,SHORT 📉,203677.62
VIRTUAL,False,1174842.50,1069259.90,4,SHORT 📉,293710.63
JELLY,False,1167841.11,-823251.65,2,SHORT 📉,583920.56
MELANIA,True,1140840.94,-35304.58,7,LONG 📈,162977.28
USUAL,True,1079767.18,-361337.74,5,LONG 📈,215953.44
KAITO,False,1005411.86,287092.61,3,SHORT 📉,335137.29
CRV,False,1003309.84,-132094.00,4,SHORT 📉,250827.46
IP,True,985161.34,223772.88,4,LONG 📈,246290.33
RUNE,False,981266.08,35853.02,5,SHORT 📉,196253.22
MOVE,False,978083.98,51013.90,4,SHORT 📉,244520.99
ZK,False,962540.62,547915.73,5,SHORT 📉,192508.12
VIRTUAL,True,900389.00,-79452.40,5,LONG 📈,180077.80
TIA,False,881375.41,4635.93,5,SHORT 📉,176275.08
RENDER,False,867700.42,325340.44,5,SHORT 📉,173540.08
PENDLE,False,848697.80,618607.76,5,SHORT 📉,169739.56
TIA,True,830357.36,107543.20,4,LONG 📈,207589.34
GRASS,True,789034.04,5709.58,6,LONG 📈,131505.67
OM,False,783095.70,-45774.27,4,SHORT 📉,195773.93
EIGEN,False,782145.07,1185504.30,5,SHORT 📉,156429.01
PENGU,False,770143.99,1204094.04,4,SHORT 📉,192536.00
USUAL,False,750654.85,1454676.73,5,SHORT 📉,150130.97
SEI,False,746743.61,699729.53,6,SHORT 📉,124457.27
APT,True,695839.93,-68313.36,4,LONG 📈,173959.98
S,True,676565.13,10341.66,3,LONG 📈,225521.71
GOAT,False,670301.55,3124458.21,6,SHORT 📉,111716.92
GOAT,True,670029.82,-699506.93,3,LONG 📈,223343.27
MOODENG,True,666810.75,58988.21,2,LONG 📈,333405.38
MOVE,True,648533.12,-48047.82,3,LONG 📈,216177.71
ARB,False,580900.53,483251.49,3,SHORT 📉,193633.51
GRASS,False,569788.13,700447.63,3,SHORT 📉,189929.38
SAGA,True,546249.97,-497061.31,1,LONG 📈,546249.97
NEAR,False,520326.93,236305.88,5,SHORT 📉,104065.39
GRIFFAIN,False,511288.88,562218.61,3,SHORT 📉,170429.63
XLM,True,501305.24,-56101.30,4,LONG 📈,125326.31
MOODENG,False,480002.91,1553314.06,3,SHORT 📉,160000.97
OP,False,457252.98,221764.42,4,SHORT 📉,114313.25
SNX,True,443809.61,-11998.58,2,LONG 📈,221904.81
TRX,False,436298.25,14802.33,3,SHORT 📉,145432.75
BLAST,False,429962.78,216998.80,3,SHORT 📉,143320.93
BADGER,False,428758.46,330673.38,4,SHORT 📉,107189.62
VINE,True,407374.65,-483685.82,4,LONG 📈,101843.66
TON,False,404925.56,284957.24,1,SHORT 📉,404925.56
PNUT,False,400015.59,860506.22,4,SHORT 📉,100003.90
BADGER,True,394584.48,-118124.41,1,LONG 📈,394584.48
VVV,True,385477.31,-6547.07,1,LONG 📈,385477.31
UNI,False,365833.84,130652.34,3,SHORT 📉,121944.61
TST,True,339171.50,-212198.23,1,LONG 📈,339171.50
kSHIB,True,335630.22,-261335.88,1,LONG 📈,335630.22
kSHIB,False,328192.03,383791.38,3,SHORT 📉,109397.34
MNT,True,313778.32,25129.29,1,LONG 📈,313778.32
TON,True,309889.39,1117.43,3,LONG 📈,103296.46
kFLOKI,False,298558.74,447140.66,2,SHORT 📉,149279.37
ZEREBRO,False,291332.95,1923506.66,3,SHORT 📉,97110.98
UNI,True,289629.61,-6499.98,2,LONG 📈,144814.80
SCR,True,284557.48,-12747.36,2,LONG 📈,142278.74
BANANA,False,284045.08,-33182.55,3,SHORT 📉,94681.69
SEI,True,283485.92,-59128.81,2,LONG 📈,141742.96
PENGU,True,282071.17,-4766.92,2,LONG 📈,141035.59
INJ,False,279803.46,186585.60,3,SHORT 📉,93267.82
MORPHO,True,276768.84,-88267.43,1,LONG 📈,276768.84
LDO,True,265770.70,3639.45,2,LONG 📈,132885.35
TAO,True,264501.54,-27434.03,2,LONG 📈,132250.77
BCH,False,259972.65,-7174.51,3,SHORT 📉,86657.55
POL,False,254549.34,133253.44,4,SHORT 📉,63637.34
CAKE,False,241286.14,-24446.90,2,SHORT 📉,120643.07
TRX,True,237582.71,4238.98,2,LONG 📈,118791.35
MELANIA,False,233336.63,6556.42,2,SHORT 📉,116668.31
DYDX,True,231339.08,8559.77,1,LONG 📈,231339.08
SPX,True,221393.47,28241.96,2,LONG 📈,110696.73
LAYER,False,219540.66,1742.15,3,SHORT 📉,73180.22
SAGA,False,214568.20,71805.57,1,SHORT 📉,214568.20
GRIFFAIN,True,214345.05,-585982.55,2,LONG 📈,107172.52
ETHFI,False,200180.91,36729.99,2,SHORT 📉,100090.46
ARB,True,197157.87,10272.86,3,LONG 📈,65719.29
LAYER,True,194128.38,20799.20,2,LONG 📈,97064.19
MORPHO,False,190514.09,-2975.33,2,SHORT 📉,95257.05
SCR,False,184015.30,-10499.61,1,SHORT 📉,184015.30
EIGEN,True,167088.11,-20468.35,4,LONG 📈,41772.03
JTO,False,165396.07,-3839.96,2,SHORT 📉,82698.04
AI16Z,True,155737.50,4650.73,1,LONG 📈,155737.50
ARK,False,150659.23,70683.55,1,SHORT 📉,150659.23
FIL,False,146982.78,91762.22,2,SHORT 📉,73491.39
BLAST,True,139070.52,-6015.96,2,LONG 📈,69535.26
APE,True,134794.32,-7873.28,2,LONG 📈,67397.16
ME,True,132300.49,8262.58,1,LONG 📈,132300.49
ATOM,True,125392.27,2275.12,3,LONG 📈,41797.42
kNEIRO,True,121183.16,6441.86,2,LONG 📈,60591.58
GALA,False,117964.79,145456.73,1,SHORT 📉,117964.79
W,True,117079.51,3339.26,2,LONG 📈,58539.75
STX,False,115740.96,250597.86,2,SHORT 📉,57870.48
ATOM,False,113910.30,136358.26,1,SHORT 📉,113910.30
AR,False,101191.13,-1796.60,1,SHORT 📉,101191.13
BANANA,True,99134.91,-152.35,1,LONG 📈,99134.91
REZ,False,98225.00,13164.57,1,SHORT 📉,98225.00
DOT,True,96738.12,4543.86,1,LONG 📈,96738.12
NEIROETH,False,91788.61,2065.99,1,SHORT 📉,91788.61
OP,True,90784.00,13868.70,1,LONG 📈,90784.00
NEIROETH,True,89452.35,-23017.08,1,LONG 📈,89452.35
FET,False,83072.38,-2238.02,1,SHORT 📉,83072.38
TURBO,True,82680.98,-19.72,1,LONG 📈,82680.98
CHILLGUY,False,82160.71,607616.19,2,SHORT 📉,41080.36
SAND,True,80782.87,884.32,1,LONG 📈,80782.87
IMX,True,78726.17,4239.06,1,LONG 📈,78726.17
FTT,True,74308.74,-1282.43,2,LONG 📈,37154.37
VINE,False,71503.52,27604.24,2,SHORT 📉,35751.76
MNT,False,69704.25,-5901.18,1,SHORT 📉,69704.25
SUSHI,True,69101.94,4022.94,1,LONG 📈,69101.94
GMX,False,66449.40,-4258.45,2,SHORT 📉,33224.70
PYTH,True,65657.49,1978.74,1,LONG 📈,65657.49
HMSTR,True,65620.75,-4595.12,1,LONG 📈,65620.75
ETHFI,True,63976.56,1389.32,1,LONG 📈,63976.56
MYRO,False,60988.15,-3111.66,1,SHORT 📉,60988.15
GALA,True,58977.81,-526.40,1,LONG 📈,58977.81
FIL,True,58871.91,2068.04,1,LONG 📈,58871.91
KAS,False,58231.23,151.47,1,SHORT 📉,58231.23
ORBS,False,58167.43,26212.00,1,SHORT 📉,58167.43
ANIME,False,56543.58,-2273.09,1,SHORT 📉,56543.58
CRV,True,53963.82,3822.57,1,LONG 📈,53963.82
BIGTIME,True,53061.57,-5028.99,1,LONG 📈,53061.57
IO,True,52768.51,124.91,1,LONG 📈,52768.51
MANTA,False,52614.96,-3126.59,1,SHORT 📉,52614.96
MEME,True,51527.66,1902.82,1,LONG 📈,51527.66
ALGO,False,50292.13,413.20,1,SHORT 📉,50292.13
NOT,True,50181.27,-1827.62,1,LONG 📈,50181.27
STRK,True,49371.89,3478.72,1,LONG 📈,49371.89
IO,False,48370.47,1780.17,1,SHORT 📉,48370.47
FET,True,48090.20,-2642.94,1,LONG 📈,48090.20
DYM,False,48036.40,-2956.82,1,SHORT 📉,48036.40
IMX,False,45712.35,-935.92,1,SHORT 📉,45712.35
CFX,False,38605.77,-1030.72,1,SHORT 📉,38605.77
TRB,True,37630.50,895.86,1,LONG 📈,37630.50
INJ,True,35659.05,1278.26,1,LONG 📈,35659.05
NEO,True,33795.99,973.93,1,LONG 📈,33795.99
BLUR,True,33499.43,788.83,1,LONG 📈,33499.43
USTC,True,32364.10,2408.18,1,LONG 📈,32364.10
ZEN,False,32117.52,-734.38,1,SHORT 📉,32117.52
MAVIA,True,30241.61,1107.93,1,LONG 📈,30241.61
ZETA,False,30187.41,-1032.69,1,SHORT 📉,30187.41
OMNI,False,29971.44,-138.41,1,SHORT 📉,29971.44
GMT,True,28999.96,-24819.08,1,LONG 📈,28999.96
ORDI,False,27977.46,90758.50,1,SHORT 📉,27977.46
RENDER,True,27575.45,3806.59,1,LONG 📈,27575.45
MEW,True,27170.27,1200.66,1,LONG 📈,27170.27
CATI,False,27047.11,-458.15,1,SHORT 📉,27047.11
FXS,False,25011.48,-1785.92,1,SHORT 📉,25011.48
